image,desc,link,title
http://cnet3.cbsistatic.com/hub/i/r/2013/11/01/3b361a48-010d-429c-b27f-7b668b76bdc4/thumbnail/140x105/ed996752d89eceba9eb62e7faf6829fe/Blackberry_Z30_35827877_01_620x433.jpg,"The BlackBerry Z30 lives up the promise of a flagship phone, but it's too little, too late for all but the most committed BlackBerry users.","/products/blackberry-z30/,/products/blackberry-z30/prices/",BlackBerry Z30
http://cnet4.cbsistatic.com/hub/i/r/2013/08/28/42fb8c09-68bb-4384-a1eb-c101049f80a3/thumbnail/140x105/8776f734a97b1d0654cfc340d75dfeaf/35583323-8760.jpg,"Though it's not quite enough to draw committed iPhone or Android owners, the BlackBerry Z10's modern design and features give BlackBerry fans what they've hungered for.,,,",/products/blackberry-z10/,BlackBerry Z10
http://cnet4.cbsistatic.com/hub/i/r/2014/02/12/f51b3254-7349-4ca9-acb2-e0a47a890457/thumbnail/140x105/b8134a1261c4bb8c65ca9c259f87b0ac/blackberry-curve-3g-9310-verizon-wireless.jpg,"The BlackBerry Curve 9310 is still the same ho-hum handset you can expect from RIM, but for a $50 BlackBerry (with contract), it's reliable and makes texting a breeze.","/products/blackberry-curve-3g-9310-verizon-wireless/,/products/blackberry-curve-3g-9310-verizon-wireless/prices/","BlackBerry Curve 3G 9310,"
http://cnet3.cbsistatic.com/hub/i/r/2014/02/12/3b9740e6-094b-4a79-b258-8d4fc5c21feb/thumbnail/140x105/bc51fac416de342b5bf71a89931d2278/blackberry-curve-9310-boost-mobile.jpg,"The BlackBerry Curve 9310 is still the same ho-hum handset you can expect from RIM, but for a no-contract BlackBerry, it's reliable and makes texting a breeze.","/products/blackberry-curve-9310-boost-mobile/,/products/blackberry-curve-9310-boost-mobile/prices/","BlackBerry Curve 9310,"
http://cnet3.cbsistatic.com/hub/i/r/2014/02/12/7ae70052-25d4-40e3-99eb-830b43082ef0/thumbnail/140x105/4e3fa1689558653ff4103e742e6f66e8/blackberry-curve-9370-verizon-wireless.jpg,"Verizon's BlackBerry Curve 9370 brings you BlackBerry 7 OS and a global-ready SIM slot in an ultraportable package. Unfortunately, some design flaws and a high price for an entry-level device make the QWERTY handset hard to recommend to anyone except BlackBerry devotees.","/products/blackberry-curve-9370-verizon-wireless/,/products/blackberry-curve-9370-verizon-wireless/prices/","BlackBerry Curve 9370,"
http://cnet4.cbsistatic.com/hub/i/r/2014/02/12/58a329a6-5114-4308-b85d-b45fb1aa7c97/thumbnail/140x105/a0a39005b4cce2e798cbdb9d272cf139/blackberry-torch-9810-t-mobile.png,"The RIM BlackBerry Torch 9810 should satisfy BlackBerry fans with its responsive touch screen and overall specs, but for $50 more, T-Mobile customers could get the much better Bold 9900 instead.,,,",/products/blackberry-torch-9810-t-mobile/,"BlackBerry Torch 9810,"
http://cnet4.cbsistatic.com/hub/i/r/2014/02/12/2110f73f-f175-4d3f-b740-d9f56048b164/thumbnail/140x105/03a2b89e57fec35fec0da1325c1fc757/blackberry-curve-9350-black-sprint.jpg,"For those who seek an affordable and entry-level BlackBerry, the BlackBerry Curve 9350 is the way to go.","/products/blackberry-curve-9350-sprint/,/products/blackberry-curve-9350-sprint/prices/","BlackBerry Curve 9350,"
http://cnet3.cbsistatic.com/hub/i/r/2014/02/12/a35b34e3-b785-4705-96cf-24f5ee2e1449/thumbnail/140x105/70a0162983d9d66b1a233ea94e32f988/blackberry-curve-9360-t-mobile.jpg,"The RIM BlackBerry Curve 9360 makes a great entry-level offering for those already in the BlackBerry camp.,,,",/products/blackberry-curve-9360-t-mobile/,"BlackBerry Curve 9360,"
http://cnet3.cbsistatic.com/hub/i/r/2011/10/23/89d0a756-5010-448b-a175-32f81ccf2a73/thumbnail/140x105/963e0c1c8471cb6168952eafc07a8330/blackberry-torch-9850-blackberry-smartphone-cdma-gsm-umts-3g-4-gb-3-7-tft-black-verizon.jpg,"The RIM BlackBerry Torch 9850 for Verizon Wireless is a laudable midrange smartphone, but it faces stiff competition.","/products/blackberry-torch-9850-verizon-wireless/,/products/blackberry-torch-9850-verizon-wireless/prices/","BlackBerry Torch 9850,"
http://cnet4.cbsistatic.com/hub/i/r/2011/08/21/18d46507-67e1-43b0-914c-deb558542beb/thumbnail/140x105/267694b8b430c9da40aca9f02f921752/blackberry-bold-9900-4g-blackberry-smartphone-gsm-umts-3g-8-gb-2-8-tft-black-t-mobile.jpg,"BlackBerry enthusiasts will love the BlackBerry Bold 9900, but its high price tag will be a deterrent to many.","/products/blackberry-bold-9900-t-mobile/,/products/blackberry-bold-9900-t-mobile/prices/","BlackBerry Bold 9900,"
http://cnet4.cbsistatic.com/hub/i/r/2010/08/31/f88d5b8a-5306-4d81-b9c8-b1caae903b0c/thumbnail/140x105/083d52e470f9a9950a744c9a7937315d/blackberry-curve-8530-blackberry-smartphone-cdma-3g-2-5-tft-black-metropcs.jpg,"Though not the best BlackBerry on the market, the Curve 8530 is a great entry-level smartphone, especially with MetroPCS's inexpensive unlimited monthly plan.","/products/blackberry-curve-8530-metropcs/,/products/blackberry-curve-8530-metropcs/prices/","BlackBerry Curve 8530,"
http://cnet3.cbsistatic.com/hub/i/r/2011/01/11/4c52ca9c-bf79-4f2d-bc0f-0d671de5ae98/thumbnail/140x105/a6be0a40625e8e701bf2a2a7c89f2db6/4c52ca9c-bf79-4f2d-bc0f-0d671de5ae98.jpg,"Though performance could be better and it could stand for some hardware upgrades, the RIM BlackBerry Torch 9800 and BlackBerry OS 6 offer much-needed improvements to stay in step with the competition, and keep BlackBerry enthusiasts happy.","/products/blackberry-torch-9800/,/products/blackberry-torch-9800/prices/","BlackBerry Torch 9800,"
http://cnet4.cbsistatic.com/hub/i/r/2010/07/05/b6b305cd-6845-45e5-8d84-db08c0c937a9/thumbnail/140x105/3a709ef2ea40ed3a965a838fd43530fb/blackberry-bold-9650-blackberry-smartphone-gsm-umts-3g-2-45-tft-black-refurbished-verizon.jpg,Verizon customers looking for a messaging smartphone with world roaming capabilities have a solid choice in the RIM BlackBerry Bold 9650.,"/products/blackberry-bold-9650-verizon-wireless/,/products/blackberry-bold-9650-verizon-wireless/prices/","BlackBerry Bold 9650,"
http://cnet4.cbsistatic.com/hub/i/r/2010/10/12/7df22161-e806-4e90-a32f-ebaeb7341b61/thumbnail/140x105/f143a75a25c880681fd5a9bbac3834db/blackberry-bold-9650-blackberry-smartphone-gsm-umts-3g-2-45-tft-sprint-nextel.jpg,"Though nothing revolutionary, the RIM BlackBerry Bold 9650 brings some welcome additions and offers Sprint customers a solid messaging world phone.","/products/blackberry-bold-9650/,/products/blackberry-bold-9650/prices/","BlackBerry Bold 9650 without camera,"
http://cnet4.cbsistatic.com/hub/i/r/2010/03/15/3f2e3e4b-bb42-4e8e-8f0e-751ee7024d96/thumbnail/140x105/1c11b42b587f3bd506ae3af330733e04/blackberry-curve-8530-blackberry-smartphone-cdma-2-5-tft-ruby-red-sprint-nextel.jpg,"Some design issues aside, the RIM BlackBerry Curve 8530 is a great value for Sprint customers looking for an entry-level smartphone.","/products/blackberry-curve-8530-sprint/,/products/blackberry-curve-8530-sprint/prices/","BlackBerry Curve 8530,"
http://cnet3.cbsistatic.com/hub/i/r/2009/11/22/ae025d37-bb1b-4f3f-9438-0ee67495c634/thumbnail/140x105/fb8a472062b31f9182cf546a930ed16b/blackberry-curve-8530-blackberry-smartphone-cdma-2-5-tft-smoky-violet-verizon.jpg,"While we're not huge fans of the design, the RIM BlackBerry Curve 8530 is a good choice for first-time smartphone buyers and offers more than its GSM counterpart.","/products/blackberry-curve-8530/,/products/blackberry-curve-8530/prices/","BlackBerry Curve 8530,"
http://cnet3.cbsistatic.com/hub/i/r/2009/10/23/e43d958f-f56a-4f52-842a-dabc8902e2eb/thumbnail/140x105/a06a917d8886f766576a61c098d63b64/blackberry-bold-9780-blackberry-smartphone-gsm-umts-3g-black-refurbished.jpg,"The RIM BlackBerry Bold 9700 brings T-Mobile its first 3G BlackBerry and improves on its predecessor with a sleeker design and more power. We only wish it had a better browser to complete the package.,,,",/products/blackberry-bold-9700-t-mobile/,"BlackBerry Bold 9700,"
http://cnet4.cbsistatic.com/fly/117-fly/bundles/cnetcss/images/placeholder/image_placeholder.png,"The RIM BlackBerry Storm 2 brings some welcome additions, such as Wi-Fi, updated software, and a better touch interface, but it's going to face some serious competition from Verizon's upcoming touch-screen smartphones.","/products/blackberry-storm-2-verizon-wireless/,/products/blackberry-storm-2-verizon-wireless/prices/","BlackBerry Storm 2,"
http://cnet3.cbsistatic.com/hub/i/r/2008/07/17/bda4e059-ec30-4980-833d-865949d34536/thumbnail/140x105/072c903f6b2581c57bfc1dc525a58457/blackberry-curve-8330-blackberry-smartphone-cdma-tft-red-sprint-nextel.jpg,"Despite some spotty call quality, the RIM BlackBerry Curve 8330 for Sprint is a great messaging device with the bonus of EV-DO and integrated GPS. Plus, it offers more services than the Verizon BlackBerry Curve.","/products/blackberry-curve-8330-sprint/,/products/blackberry-curve-8330-sprint/prices/","BlackBerry Curve 8330,"
http://cnet3.cbsistatic.com/hub/i/r/2009/10/12/e64db3b8-9f3e-42aa-ae2e-cde8989b39d9/thumbnail/140x105/6264fc738ba7c31f39e7d190a4f0a35a/e64db3b8-9f3e-42aa-ae2e-cde8989b39d9.jpg,"The RIM BlackBerry Curve 8520 is a sleek entry-level smartphone that delivers some nice design enhancements and great performance. While available directly from T-Mobile, Wal-Mart offers the better value on the smartphone.","/products/blackberry-curve-8520/,/products/blackberry-curve-8520/prices/","BlackBerry Curve 8520,"
http://cnet3.cbsistatic.com/hub/i/r/2008/01/17/f708df9b-d6c9-4e76-b00f-59cb22782577/thumbnail/140x105/d479e2eb1f7e1f9932c2d73df3a63b17/f708df9b-d6c9-4e76-b00f-59cb22782577.jpg,"The RIM BlackBerry Pearl 8130 improves on an already-impressive smartphone with the addition of GPS, video recording, and 3G support.,Pricing not available",/products/blackberry-pearl-8130/,"BlackBerry Pearl 8130,"
http://cnet3.cbsistatic.com/hub/i/r/2014/02/24/5936a750-de40-40ea-ba0c-fd89deecf84a/thumbnail/140x105/5f7ea2ef5e5090110723f7a55159c7b0/blackberry-pearl-8130-blackberry-smartphone-cdma-tft-amethyst.jpg,"The RIM BlackBerry Pearl 8130 improves on an already-impressive smartphone with the addition of GPS, video recording, and 3G support.","/products/blackberry-pearl/,/products/blackberry-pearl/prices/","BlackBerry Pearl 8130,"
http://cnet3.cbsistatic.com/hub/i/r/2009/12/28/8f852343-0965-42e6-abf1-076ddd9d1ffa/thumbnail/140x105/fc91803d4016af07500b77b04c6240fd/blackberry-pearl-8130-blackberry-smartphone-cdma-tft-pink-verizon.jpg,"The RIM BlackBerry Pearl 8130 improves on an already-impressive smartphone with the addition of GPS, video recording, and 3G support.","/products/blackberry-pearl-8130-pink-verizon-wireless-pearlpnkvzn/,/products/blackberry-pearl-8130-pink-verizon-wireless-pearlpnkvzn/prices/","BlackBerry Pearl 8130,"
http://cnet3.cbsistatic.com/hub/i/r/2014/02/12/85a32b77-6d12-41eb-8569-eda3717ed1f1/thumbnail/140x105/bb2d6ca2426d1c9173c0b4cb3ed9698d/blackberry-curve-8320-titanium-t-mobile.gif,"Still offering an attractive design and excellent messaging capabilities, the addition of GPS makes the RIM BlackBerry Curve 8310 an even more attractive choice for road warriors.","/products/blackberry-curve/,/products/blackberry-curve/prices/","BlackBerry Curve 8320,"
http://cnet4.cbsistatic.com/hub/i/r/2008/07/09/a7d0a3e3-5b8c-4e13-94a0-397e55c53664/thumbnail/140x105/b5036829053f91f69cb911e1912ddcde/blackberry-8820-blackberry-smartphone-gsm-tft-t-mobile.jpg,"The addition of Wi-Fi makes the RIM BlackBerry 8820 an even more powerful communication device for business users, taking it beyond just e-mail and phone calls.","/products/blackberry-8820-at-t/,/products/blackberry-8820-at-t/prices/","BlackBerry 8820,"
http://cnet3.cbsistatic.com/hub/i/r/2007/05/07/fb0f5885-7f15-4589-b5c4-161c81c76eec/thumbnail/140x105/da62d092adb8013b1a8757414e97206a/blackberry-8830-blackberry-smartphone-cdma-gsm-tft-verizon.jpg,"For the globe-trotting executive, the RIM BlackBerry 8830 is a powerful voice and messaging tool that offers world roaming and solid performance.","/products/blackberry-8830-black-sprint/,/products/blackberry-8830-black-sprint/prices/","BlackBerry 8830,"
http://cnet3.cbsistatic.com/hub/i/r/2007/05/07/fb0f5885-7f15-4589-b5c4-161c81c76eec/thumbnail/140x105/da62d092adb8013b1a8757414e97206a/blackberry-8830-blackberry-smartphone-cdma-gsm-tft-verizon.jpg,"For the globe-trotting executive, the RIM BlackBerry 8830 is a powerful voice and messaging tool that offers world roaming and solid performance.","/products/blackberry-8800/,/products/blackberry-8800/prices/","BlackBerry 8830,"
http://cnet3.cbsistatic.com/hub/i/r/2014/02/24/ec0c8d95-121c-4222-a26f-eda2e24877a2/thumbnail/140x105/8bd0d1def1b5e6f8e62a6e1e8987329c/blackberry-8703e-blackberry-smartphone-cdma-tft.jpg,"Despite some spotty call quality, the RIM BlackBerry 8703e for Verizon Wireless is a great messaging device offering reliable e-mail delivery, a full QWERTY keyboard, a gorgeous screen, and EV-DO support.,Pricing not available",/products/blackberry-8703e-verizon-wireless-8703everizonwireless/,"BlackBerry 8703e,"
http://cnet4.cbsistatic.com/hub/i/r/2010/05/06/f767eeee-fdd4-4842-9975-cb85063451a7/thumbnail/140x105/4fd2fad7ea48fbb0651a6e0441dfb24b/blackberry-7130e-blackberry-smartphone-cdma-tft.jpg,"The RIM BlackBerry 7130c is an excellent phone and e-mail device for consumers and professionals alike; plus, it's one of the best-designed BlackBerrys we've seen to date.","/products/blackberry-7100/,/products/blackberry-7100/prices/","BlackBerry 7130e,"
http://cnet4.cbsistatic.com/hub/i/r/2014/02/12/a267bae9-3f9b-4980-a04b-bb5a61eabaf1/thumbnail/140x105/208256153c40f0e9cd1c5a2e988938b0/blackberry-8700g-t-mobile.gif,"The RIM BlackBerry 8700g offers T-Mobile consumer and business users a robust, user-friendly messaging device and cell phone with great performance.","/products/blackberry-8700g-t-mobile/,/products/blackberry-8700g-t-mobile/prices/","BlackBerry 8700g,"
http://cnet3.cbsistatic.com/hub/i/r/2007/02/15/444f9c20-4f3c-4c53-a2c4-3e9166187a50/thumbnail/140x105/c79ccee7a38cb9cc6828a7c98fb6e6e0/blackberry-8800-blackberry-smartphone-gsm.jpg,This product has not yet been reviewed.,"/products/blackberry-8800-blackberry-smartphone-gsm-series/,/products/blackberry-8800-blackberry-smartphone-gsm-series/prices/",BlackBerry 8800
http://cnet4.cbsistatic.com/hub/i/r/2009/04/22/b471b059-35be-436b-93aa-5172009c0ad2/thumbnail/140x105/5fad9916e696692f361929aee58ea7b6/blackberry-curve-8350i-blackberry-smartphone-iden-tft-sprint-nextel.jpg,This product has not yet been reviewed.,"/products/blackberry-curve-8350i-sprint-no-camera/,/products/blackberry-curve-8350i-sprint-no-camera/prices/","BlackBerry Curve 8350i,"
http://cnet3.cbsistatic.com/hub/i/r/2010/11/23/426e771d-4226-4bb6-a3b9-922cfdcda19b/thumbnail/140x105/8ae117bff7c40aea3a61b267c9b0498e/blackberry-curve-8520-blackberry-smartphone-gsm-2-46-tft-fuchsia-t-mobile.jpg,This product has not yet been reviewed.,"/products/blackberry-curve-8520-fuschia-t-mobile/,/products/blackberry-curve-8520-fuschia-t-mobile/prices/","Blackberry Curve 8520,"
http://cnet3.cbsistatic.com/hub/i/r/2009/10/12/e64db3b8-9f3e-42aa-ae2e-cde8989b39d9/thumbnail/140x105/6264fc738ba7c31f39e7d190a4f0a35a/e64db3b8-9f3e-42aa-ae2e-cde8989b39d9.jpg,This product has not yet been reviewed.,"/products/blackberry-curve-8520-blackberry-smartphone-gsm-series/,/products/blackberry-curve-8520-blackberry-smartphone-gsm-series/prices/",BlackBerry Curve 8520
http://cnet4.cbsistatic.com/hub/i/r/2010/09/21/5194ccc0-8738-418d-8db9-ebb1029f2372/thumbnail/140x105/76e634b7cc413c62da30d7bd9104c481/blackberry-bold-9700-blackberry-smartphone-gsm-umts-3g-2-44-tft-flash-white-t-mobile.jpg,This product has not yet been reviewed.,"/products/blackberry-bold-9700-white-t-mobile/,/products/blackberry-bold-9700-white-t-mobile/prices/","BlackBerry Bold 9700,"
http://cnet4.cbsistatic.com/fly/117-fly/bundles/cnetcss/images/placeholder/image_placeholder.png,This product has not yet been reviewed.,"/products/blackberry-pearl-8100-unlocked/,/products/blackberry-pearl-8100-unlocked/prices/","BlackBerry Pearl 8100,"
http://cnet4.cbsistatic.com/hub/i/r/2011/11/16/0ea81495-ab34-4db7-8879-00f6e826e830/thumbnail/140x105/45f2bf875eac705152ffe2e495ddf3b2/blackberry-bold-9790-blackberry-smartphone-gsm-umts-3g-8-gb-2-45-tft-black.jpg,This product has not yet been reviewed.,"/products/blackberry-bold-9790-blackberry-smartphone-gsm-umts-blackberrybold9790unlockedblack/,/products/blackberry-bold-9790-blackberry-smartphone-gsm-umts-blackberrybold9790unlockedblack/prices/",BlackBerry Bold 9790
http://cnet4.cbsistatic.com/fly/117-fly/bundles/cnetcss/images/placeholder/image_placeholder.png,This product has not yet been reviewed.,"/products/blackberry-curve-8520-blackberry-smartphone-gsm-2-64-tft-frost-series/,/products/blackberry-curve-8520-blackberry-smartphone-gsm-2-64-tft-frost-series/prices/",BlackBerry Curve 8520
http://cnet4.cbsistatic.com/hub/i/r/2012/04/29/772f291c-8824-4e5f-bf3f-15ed2b733abf/thumbnail/140x105/fce7fb35a6860cca490d42a7029045f2/blackberry-curve-9220-blackberry-smartphone-gsm-2-44-tft.jpg,This product has not yet been reviewed.,"/products/blackberry-curve-9220-unlocked/,/products/blackberry-curve-9220-unlocked/prices/","BlackBerry Curve 9220,"
http://cnet4.cbsistatic.com/fly/117-fly/bundles/cnetcss/images/placeholder/image_placeholder.png,This product has not yet been reviewed.,"/products/blackberry-curve-8310-titanium-at-t-refurb/,/products/blackberry-curve-8310-titanium-at-t-refurb/prices/","BlackBerry Curve 8310,"
http://cnet3.cbsistatic.com/hub/i/r/2007/02/15/444f9c20-4f3c-4c53-a2c4-3e9166187a50/thumbnail/140x105/c79ccee7a38cb9cc6828a7c98fb6e6e0/blackberry-8800-blackberry-smartphone-gsm.jpg,This product has not yet been reviewed.,"/products/blackberry-8800-blackberry-smartphone-gsm-series/,/products/blackberry-8800-blackberry-smartphone-gsm-series/prices/",BlackBerry 8800
http://cnet4.cbsistatic.com/hub/i/r/2009/04/22/b471b059-35be-436b-93aa-5172009c0ad2/thumbnail/140x105/5fad9916e696692f361929aee58ea7b6/blackberry-curve-8350i-blackberry-smartphone-iden-tft-sprint-nextel.jpg,This product has not yet been reviewed.,"/products/blackberry-curve-8350i-sprint-no-camera/,/products/blackberry-curve-8350i-sprint-no-camera/prices/","BlackBerry Curve 8350i,"
http://cnet3.cbsistatic.com/hub/i/r/2010/11/23/426e771d-4226-4bb6-a3b9-922cfdcda19b/thumbnail/140x105/8ae117bff7c40aea3a61b267c9b0498e/blackberry-curve-8520-blackberry-smartphone-gsm-2-46-tft-fuchsia-t-mobile.jpg,This product has not yet been reviewed.,"/products/blackberry-curve-8520-fuschia-t-mobile/,/products/blackberry-curve-8520-fuschia-t-mobile/prices/","Blackberry Curve 8520,"
http://cnet3.cbsistatic.com/hub/i/r/2009/10/12/e64db3b8-9f3e-42aa-ae2e-cde8989b39d9/thumbnail/140x105/6264fc738ba7c31f39e7d190a4f0a35a/e64db3b8-9f3e-42aa-ae2e-cde8989b39d9.jpg,This product has not yet been reviewed.,"/products/blackberry-curve-8520-blackberry-smartphone-gsm-series/,/products/blackberry-curve-8520-blackberry-smartphone-gsm-series/prices/",BlackBerry Curve 8520
http://cnet4.cbsistatic.com/hub/i/r/2010/09/21/5194ccc0-8738-418d-8db9-ebb1029f2372/thumbnail/140x105/76e634b7cc413c62da30d7bd9104c481/blackberry-bold-9700-blackberry-smartphone-gsm-umts-3g-2-44-tft-flash-white-t-mobile.jpg,This product has not yet been reviewed.,"/products/blackberry-bold-9700-white-t-mobile/,/products/blackberry-bold-9700-white-t-mobile/prices/","BlackBerry Bold 9700,"
http://cnet4.cbsistatic.com/fly/117-fly/bundles/cnetcss/images/placeholder/image_placeholder.png,This product has not yet been reviewed.,"/products/blackberry-pearl-8100-unlocked/,/products/blackberry-pearl-8100-unlocked/prices/","BlackBerry Pearl 8100,"
http://cnet4.cbsistatic.com/hub/i/r/2011/11/16/0ea81495-ab34-4db7-8879-00f6e826e830/thumbnail/140x105/45f2bf875eac705152ffe2e495ddf3b2/blackberry-bold-9790-blackberry-smartphone-gsm-umts-3g-8-gb-2-45-tft-black.jpg,This product has not yet been reviewed.,"/products/blackberry-bold-9790-blackberry-smartphone-gsm-umts-blackberrybold9790unlockedblack/,/products/blackberry-bold-9790-blackberry-smartphone-gsm-umts-blackberrybold9790unlockedblack/prices/",BlackBerry Bold 9790
http://cnet4.cbsistatic.com/fly/117-fly/bundles/cnetcss/images/placeholder/image_placeholder.png,This product has not yet been reviewed.,"/products/blackberry-curve-8520-blackberry-smartphone-gsm-2-64-tft-frost-series/,/products/blackberry-curve-8520-blackberry-smartphone-gsm-2-64-tft-frost-series/prices/",BlackBerry Curve 8520
http://cnet4.cbsistatic.com/hub/i/r/2012/04/29/772f291c-8824-4e5f-bf3f-15ed2b733abf/thumbnail/140x105/fce7fb35a6860cca490d42a7029045f2/blackberry-curve-9220-blackberry-smartphone-gsm-2-44-tft.jpg,This product has not yet been reviewed.,"/products/blackberry-curve-9220-unlocked/,/products/blackberry-curve-9220-unlocked/prices/","BlackBerry Curve 9220,"
http://cnet4.cbsistatic.com/fly/117-fly/bundles/cnetcss/images/placeholder/image_placeholder.png,This product has not yet been reviewed.,"/products/blackberry-curve-8310-titanium-at-t-refurb/,/products/blackberry-curve-8310-titanium-at-t-refurb/prices/","BlackBerry Curve 8310,"
http://cnet3.cbsistatic.com/hub/i/r/2013/11/01/3b361a48-010d-429c-b27f-7b668b76bdc4/thumbnail/140x105/ed996752d89eceba9eb62e7faf6829fe/Blackberry_Z30_35827877_01_620x433.jpg,"The BlackBerry Z30 lives up the promise of a flagship phone, but it's too little, too late for all but the most committed BlackBerry users.","/products/blackberry-z30/,/products/blackberry-z30/prices/",BlackBerry Z30
http://cnet4.cbsistatic.com/hub/i/r/2013/08/28/42fb8c09-68bb-4384-a1eb-c101049f80a3/thumbnail/140x105/8776f734a97b1d0654cfc340d75dfeaf/35583323-8760.jpg,"Though it's not quite enough to draw committed iPhone or Android owners, the BlackBerry Z10's modern design and features give BlackBerry fans what they've hungered for.,,,",/products/blackberry-z10/,BlackBerry Z10
http://cnet4.cbsistatic.com/hub/i/r/2014/02/12/f51b3254-7349-4ca9-acb2-e0a47a890457/thumbnail/140x105/b8134a1261c4bb8c65ca9c259f87b0ac/blackberry-curve-3g-9310-verizon-wireless.jpg,"The BlackBerry Curve 9310 is still the same ho-hum handset you can expect from RIM, but for a $50 BlackBerry (with contract), it's reliable and makes texting a breeze.","/products/blackberry-curve-3g-9310-verizon-wireless/,/products/blackberry-curve-3g-9310-verizon-wireless/prices/","BlackBerry Curve 3G 9310,"
http://cnet3.cbsistatic.com/hub/i/r/2014/02/12/3b9740e6-094b-4a79-b258-8d4fc5c21feb/thumbnail/140x105/bc51fac416de342b5bf71a89931d2278/blackberry-curve-9310-boost-mobile.jpg,"The BlackBerry Curve 9310 is still the same ho-hum handset you can expect from RIM, but for a no-contract BlackBerry, it's reliable and makes texting a breeze.","/products/blackberry-curve-9310-boost-mobile/,/products/blackberry-curve-9310-boost-mobile/prices/","BlackBerry Curve 9310,"
http://cnet3.cbsistatic.com/hub/i/r/2014/02/12/7ae70052-25d4-40e3-99eb-830b43082ef0/thumbnail/140x105/4e3fa1689558653ff4103e742e6f66e8/blackberry-curve-9370-verizon-wireless.jpg,"Verizon's BlackBerry Curve 9370 brings you BlackBerry 7 OS and a global-ready SIM slot in an ultraportable package. Unfortunately, some design flaws and a high price for an entry-level device make the QWERTY handset hard to recommend to anyone except BlackBerry devotees.","/products/blackberry-curve-9370-verizon-wireless/,/products/blackberry-curve-9370-verizon-wireless/prices/","BlackBerry Curve 9370,"
http://cnet4.cbsistatic.com/hub/i/r/2014/02/12/58a329a6-5114-4308-b85d-b45fb1aa7c97/thumbnail/140x105/a0a39005b4cce2e798cbdb9d272cf139/blackberry-torch-9810-t-mobile.png,"The RIM BlackBerry Torch 9810 should satisfy BlackBerry fans with its responsive touch screen and overall specs, but for $50 more, T-Mobile customers could get the much better Bold 9900 instead.,,,",/products/blackberry-torch-9810-t-mobile/,"BlackBerry Torch 9810,"
http://cnet4.cbsistatic.com/hub/i/r/2014/02/12/2110f73f-f175-4d3f-b740-d9f56048b164/thumbnail/140x105/03a2b89e57fec35fec0da1325c1fc757/blackberry-curve-9350-black-sprint.jpg,"For those who seek an affordable and entry-level BlackBerry, the BlackBerry Curve 9350 is the way to go.","/products/blackberry-curve-9350-sprint/,/products/blackberry-curve-9350-sprint/prices/","BlackBerry Curve 9350,"
http://cnet3.cbsistatic.com/hub/i/r/2014/02/12/a35b34e3-b785-4705-96cf-24f5ee2e1449/thumbnail/140x105/70a0162983d9d66b1a233ea94e32f988/blackberry-curve-9360-t-mobile.jpg,"The RIM BlackBerry Curve 9360 makes a great entry-level offering for those already in the BlackBerry camp.,,,",/products/blackberry-curve-9360-t-mobile/,"BlackBerry Curve 9360,"
http://cnet3.cbsistatic.com/hub/i/r/2011/10/23/89d0a756-5010-448b-a175-32f81ccf2a73/thumbnail/140x105/963e0c1c8471cb6168952eafc07a8330/blackberry-torch-9850-blackberry-smartphone-cdma-gsm-umts-3g-4-gb-3-7-tft-black-verizon.jpg,"The RIM BlackBerry Torch 9850 for Verizon Wireless is a laudable midrange smartphone, but it faces stiff competition.","/products/blackberry-torch-9850-verizon-wireless/,/products/blackberry-torch-9850-verizon-wireless/prices/","BlackBerry Torch 9850,"
http://cnet4.cbsistatic.com/hub/i/r/2011/08/21/18d46507-67e1-43b0-914c-deb558542beb/thumbnail/140x105/267694b8b430c9da40aca9f02f921752/blackberry-bold-9900-4g-blackberry-smartphone-gsm-umts-3g-8-gb-2-8-tft-black-t-mobile.jpg,"BlackBerry enthusiasts will love the BlackBerry Bold 9900, but its high price tag will be a deterrent to many.","/products/blackberry-bold-9900-t-mobile/,/products/blackberry-bold-9900-t-mobile/prices/","BlackBerry Bold 9900,"
http://cnet3.cbsistatic.com/hub/i/r/2008/10/01/f92d94b2-f5b9-4a5b-8d7f-00b17c55ce09/thumbnail/140x105/8b82f3e55909cbf9b752648c23b6b060/blackberry-bold-9000-blackberry-smartphone-gsm-umts-3g-tft.jpg,This product has not yet been reviewed.,"/products/blackberry-bold-9000-black-unlocked/,/products/blackberry-bold-9000-black-unlocked/prices/","Blackberry Bold 9000,"
http://cnet4.cbsistatic.com/fly/117-fly/bundles/cnetcss/images/placeholder/image_placeholder.png,This product has not yet been reviewed.,"/products/blackberry-bold-9700-black-unlocked/,/products/blackberry-bold-9700-black-unlocked/prices/","BlackBerry Bold 9700,"
http://cnet4.cbsistatic.com/hub/i/r/2010/04/09/13144935-5da3-4365-9e23-4710d9f99600/thumbnail/140x105/c2477781d7d52e367b00faccc5062e3d/13144935-5da3-4365-9e23-4710d9f99600.jpg,This product has not yet been reviewed.,"/products/blackberry-storm2-9520-blackberry-smartphone-gsm-umts/,/products/blackberry-storm2-9520-blackberry-smartphone-gsm-umts/prices/",BlackBerry Storm2 9520
http://cnet4.cbsistatic.com/fly/117-fly/bundles/cnetcss/images/placeholder/image_placeholder.png,This product has not yet been reviewed.,"/products/blackberry-8820-unlocked/,/products/blackberry-8820-unlocked/prices/","BlackBerry 8820,"
http://cnet4.cbsistatic.com/hub/i/r/2009/11/22/fb6043dd-b333-414e-9c9c-054a925a6a3e/thumbnail/140x105/cb7ebb9d58c967a60fb8d41319faeb60/blackberry-curve-8530-blackberry-smartphone-cdma-2-5-tft-black-virgin-mobile.jpg,BlackBerry Curve 8530 - black (Virgin Mobile),"/products/blackberry-curve-8530-black-virgin-mobile/,/products/blackberry-curve-8530-black-virgin-mobile/prices/","BlackBerry Curve 8530,"
http://cnet4.cbsistatic.com/fly/117-fly/bundles/cnetcss/images/placeholder/image_placeholder.png,This product has not yet been reviewed.,"/products/blackberry-tour-9630-unlocked/,/products/blackberry-tour-9630-unlocked/prices/","BlackBerry Tour 9630,"
http://cnet4.cbsistatic.com/fly/117-fly/bundles/cnetcss/images/placeholder/image_placeholder.png,This product has not yet been reviewed.,"/products/blackberry-bold-9000-black-unlocked-refurbished/,/products/blackberry-bold-9000-black-unlocked-refurbished/prices/","BlackBerry Bold 9000,"
http://cnet4.cbsistatic.com/hub/i/r/2011/07/16/ccd99b44-31b7-4ea9-997f-adfe7c2412c5/thumbnail/140x105/8e9269d39ffb97d6ccb2b14619cb3864/blackberry-storm2-9550-blackberry-smartphone-cdma-gsm-umts-3g-3-25.jpg,This product has not yet been reviewed.,"/products/blackberry-storm-2-unlocked/,/products/blackberry-storm-2-unlocked/prices/","BlackBerry Storm 2,"
http://cnet3.cbsistatic.com/hub/i/r/2013/02/04/38455011-4dd9-481f-80c0-9604259b44b7/thumbnail/140x105/fd9a5e37a010a93f6b2f4af29d3eb4ec/blackberry-curve-9315-blackberry-smartphone-gsm-umts-3g-2-44-tft-black-t-mobile.jpg,This product has not yet been reviewed.,"/products/blackberry-curve-9315-t-mobile/,/products/blackberry-curve-9315-t-mobile/prices/","BlackBerry Curve 9315,"
http://cnet4.cbsistatic.com/hub/i/r/2013/08/28/c47ef903-584e-4b8d-9fb1-13aedc586562/thumbnail/140x105/ef174c405a9f6e816207a0a1f2f91029/BlackBerry_Q10_35583324_01.jpg,This product has not yet been reviewed.,"/products/blackberry-q10/,/products/blackberry-q10/prices/",BlackBerry Q10
http://cnet3.cbsistatic.com/hub/i/r/2009/07/02/56d87c70-b3c2-4630-baa6-175d145d54b2/thumbnail/140x105/43ab1c660b7873eeb3d7034aa175aeda/blackberry-pearl-flip-8230-blackberry-smartphone-cdma-tft-silver-verizon.jpg,"While not the flashiest or the most feature-rich device, the RIM BlackBerry Pearl Flip for Verizon Wireless is a decent and affordable choice for first-time smartphone buyers.","/products/blackberry-pearl-flip-8230-silver-verizon-wireless/,/products/blackberry-pearl-flip-8230-silver-verizon-wireless/prices/","BlackBerry Pearl Flip 8230,"
http://cnet3.cbsistatic.com/hub/i/r/2014/02/12/2b28e725-473f-4b62-9fec-bfabf5e9e868/thumbnail/140x105/ca52b415795ee0829fc556d1de42eb74/blackberry-tour-9630-without-camera-verizon-wireless.gif,"With a winning design and fast performance, the RIM BlackBerry Tour 9630 is one of Verizon Wireless' top smartphones for both business users and messaging fanatics.,Pricing not available",/products/blackberry-tour-9630-verizon-wireless/,"BlackBerry Tour 9630 without camera,"
http://cnet3.cbsistatic.com/hub/i/r/2014/02/12/3d053308-8eaa-4e99-9ec4-6fd688b593c3/thumbnail/140x105/6b732d3102ad7d4005328f4f4f0e9c27/blackberry-curve-8900-black-at-t.jpg,"The RIM BlackBerry Curve 8900 brings a number of improvements and additions to make it a nice upgrade to the Curve 8300 series. That said, AT&T offers other QWERTY smartphones that include 3G support and for less.","/products/blackberry-curve-8900-black-at-t/,/products/blackberry-curve-8900-black-at-t/prices/","BlackBerry Curve 8900,"
http://cnet4.cbsistatic.com/fly/117-fly/bundles/cnetcss/images/placeholder/image_placeholder.png,"We're disappointed by the lack of 3G, but the RIM BlackBerry Curve 8900 is a solid update to the Curve series, bringing a better design, improved features, and faster performance and is one of T-Mobile's top smartphone offerings.,Pricing not available",/products/blackberry-curve-8900-t-mobile/,"BlackBerry Curve 8900,"
http://cnet4.cbsistatic.com/hub/i/r/2008/09/24/bb2ab84e-eedd-45eb-ad16-b8201e1c9ce0/thumbnail/140x105/bcbcc1c99f028da1c3549d0c3e0b45b8/blackberry-curve-8350i-blackberry-smartphone-iden-tft-sprint-nextel.jpg,Nextel customers looking for a full-featured smartphone with the carrier's famed Direct Connect push-to-talk capabilities will be well-served by the RIM BlackBerry Curve 8350i.,"/products/blackberry-curve-8350i-sprint/,/products/blackberry-curve-8350i-sprint/prices/","BlackBerry Curve 8350i,"
http://cnet3.cbsistatic.com/hub/i/r/2014/02/12/39d276be-24b7-4126-8f96-c192533b201a/thumbnail/140x105/b223cecf5669d28a5b397f59e1029036/blackberry-storm-verizon-wireless.gif,"The RIM BlackBerry Storm may blow in a frenzy for Verizon Wireless subscribers wanting a touch screen similar to the Apple iPhone. However, there are bugs and performance issues that prevent the Storm from delivering its full potential.","/products/blackberry-storm-verizon-wireless/,/products/blackberry-storm-verizon-wireless/prices/","BlackBerry Storm,"
http://cnet4.cbsistatic.com/hub/i/r/2008/11/11/04b641f4-c115-4fe4-8062-aa0144453eaf/thumbnail/140x105/693ae5564bcec6f3808f9a7293b3b8cd/04b641f4-c115-4fe4-8062-aa0144453eaf.jpg,"For those who waited, the RIM BlackBerry Bold won't disappoint. The Bold impresses with its brilliant display, enhanced productivity tools, and excellent multimedia performance to deliver a more powerful and well-rounded smartphone to mobile professionals.","/products/blackberry-bold/,/products/blackberry-bold/prices/","BlackBerry Bold,"
http://cnet3.cbsistatic.com/hub/i/r/2008/09/11/e19a4fae-a2e5-43a0-89fe-abc925fb995c/thumbnail/140x105/98ee5a0de00fb7fa9528c8d4d006fca8/blackberry-pearl-flip-8220-blackberry-smartphone-gsm-tft-black.jpg,"While its flashier siblings may overshadow it, the RIM BlackBerry Pearl Flip 8220 should satiate the appetite of flip phone fanatics by bringing in a clamshell design.","/products/blackberry-pearl-flip-8220/,/products/blackberry-pearl-flip-8220/prices/","BlackBerry Pearl Flip 8220,"
http://cnet3.cbsistatic.com/hub/i/r/2014/02/12/c7774f0b-3688-4ecd-9445-4bb7d2cbd543/thumbnail/140x105/96ee29692b85856f304ff039085093ee/blackberry-curve-8330-verizon-wireless.gif,"While lacking some advanced capabilities of the Sprint and Verizon Wireless versions, the RIM BlackBerry Curve 8330 for U.S. Cellular is still a good choice for customers in need of a solid messaging smartphone.","/products/blackberry-curve-8330/,/products/blackberry-curve-8330/prices/","BlackBerry Curve 8330,"
http://cnet3.cbsistatic.com/hub/i/r/2014/02/12/a3012e68-f9a8-4335-9f6a-4eb5937cc84f/thumbnail/140x105/f5833ce87fe27265892c94ab2180cc1c/blackberry-pearl-8120-at-t.gif,"The addition of Wi-Fi and other enhancements make the RIM BlackBerry Pearl 8120 a nice upgrade, but we couldn't help wanting a little more from the smartphone.","/products/blackberry-pearl-8120-at-t/,/products/blackberry-pearl-8120-at-t/prices/","BlackBerry Pearl 8120,"
http://cnet4.cbsistatic.com/hub/i/r/2014/02/24/90745b50-7d31-4c2a-8840-7963eeede30b/thumbnail/140x105/87a7ee623528db960ff3bad40a00c4dc/blackberry-8700c-blackberry-smartphone-gsm.jpg,"Armed with an Intel processor and EDGE support, the RIM BlackBerry 8700c offers mobile professionals a winning package of performance, productivity, and design.","/products/blackberry-8700c-at-t/,/products/blackberry-8700c-at-t/prices/","BlackBerry 8700c,"
http://cnet4.cbsistatic.com/fly/117-fly/bundles/cnetcss/images/placeholder/image_placeholder.png,This product has not yet been reviewed.,"/products/blackberry-pearl-3g-9105-blackberry-smartphone-gsm-umts-series/,/products/blackberry-pearl-3g-9105-blackberry-smartphone-gsm-umts-series/prices/",BlackBerry Pearl 3G 9105
http://cnet4.cbsistatic.com/fly/117-fly/bundles/cnetcss/images/placeholder/image_placeholder.png,This product has not yet been reviewed.,"/products/blackberry-pearl-8110-blackberry-smartphone-gsm-153864/,/products/blackberry-pearl-8110-blackberry-smartphone-gsm-153864/prices/",BlackBerry Pearl 8110
http://cnet4.cbsistatic.com/fly/117-fly/bundles/cnetcss/images/placeholder/image_placeholder.png,This product has not yet been reviewed.,"/products/blackberry-tour-9630-sprint-no-camera/,/products/blackberry-tour-9630-sprint-no-camera/prices/","BlackBerry Tour 9630,"
http://cnet3.cbsistatic.com/hub/i/r/2009/10/23/e43d958f-f56a-4f52-842a-dabc8902e2eb/thumbnail/140x105/a06a917d8886f766576a61c098d63b64/e43d958f-f56a-4f52-842a-dabc8902e2eb.jpg,This product has not yet been reviewed.,"/products/blackberry-bold-9700-unlocked/,/products/blackberry-bold-9700-unlocked/prices/","BlackBerry Bold 9700,"
http://cnet3.cbsistatic.com/hub/i/r/2010/06/10/7de23e7c-4b0f-4cdc-96e7-3e97a0a03cf3/thumbnail/140x105/07c9a7c365dfd3c156bcc9f0daafa25a/blackberry-pearl-3g-9105-blackberry-smartphone-gsm-umts-3g-tft.jpg,This product has not yet been reviewed.,"/products/blackberry-9105-pearl-3g-black-unlocked-international-version/,/products/blackberry-9105-pearl-3g-black-unlocked-international-version/prices/","BlackBerry 9105 Pearl 3G,"
http://cnet3.cbsistatic.com/hub/i/r/2009/12/16/8246ed33-5007-4083-a2be-6a5147710dc0/thumbnail/140x105/ff345174a8b6fc1c66f5d3e6c343ed28/blackberry-8830-world-edition-blackberry-smartphone-cdma-gsm-tft-black-alltel.jpg,This product has not yet been reviewed.,"/products/blackberry-8830-world-edition-blackberry-smartphone-cdma-gsm-series/,/products/blackberry-8830-world-edition-blackberry-smartphone-cdma-gsm-series/prices/",BlackBerry 8830
http://cnet4.cbsistatic.com/fly/117-fly/bundles/cnetcss/images/placeholder/image_placeholder.png,This product has not yet been reviewed.,"/products/blackberry-torch-9810-blackberry-smartphone-gsm-umts-series/,/products/blackberry-torch-9810-blackberry-smartphone-gsm-umts-series/prices/",BlackBerry Torch 9810
http://cnet3.cbsistatic.com/hub/i/r/2009/10/21/b3dc8351-8eb7-456a-8697-571e14a0bab6/thumbnail/140x105/d1cb27e514baba19529cdc58e5406846/b3dc8351-8eb7-456a-8697-571e14a0bab6.jpg,This product has not yet been reviewed.,"/products/blackberry-storm-9500-blackberry-smartphone-gsm-storm9500/,/products/blackberry-storm-9500-blackberry-smartphone-gsm-storm9500/prices/",BlackBerry Storm 9500
http://cnet3.cbsistatic.com/hub/i/r/2008/10/01/f92d94b2-f5b9-4a5b-8d7f-00b17c55ce09/thumbnail/140x105/8b82f3e55909cbf9b752648c23b6b060/blackberry-bold-9000-blackberry-smartphone-gsm-umts-3g-tft.jpg,This product has not yet been reviewed.,"/products/blackberry-bold-9000-black-unlocked/,/products/blackberry-bold-9000-black-unlocked/prices/","Blackberry Bold 9000,"
http://cnet3.cbsistatic.com/hub/i/r/2014/02/12/413b98c4-6cda-4dbb-8503-f92861288cff/thumbnail/140x105/092c64f01293e9fc33344f3e3f1610ba/blackberry-bold-9930-verizon-wireless.png,"The BlackBerry Bold 9930 is the best QWERTY BlackBerry to date, but should be priced lower.","/products/blackberry-bold-9930-verizon-wireless/,/products/blackberry-bold-9930-verizon-wireless/prices/","BlackBerry Bold 9930,"
http://cnet4.cbsistatic.com/hub/i/r/2014/02/12/20c667b1-84a1-4925-b2c8-2ea9d4020973/thumbnail/140x105/532e70c92fcfefd9654bdb036aeb9752/blackberry-torch-9810-zinc-grey-at-t.png,"The BlackBerry Torch 9810 won't wow newcomers with its tired old design, but its affordable price and much-improved specs should keep BlackBerry enthusiasts satisfied.","/products/blackberry-torch-9810/,/products/blackberry-torch-9810/prices/","BlackBerry Torch 9810,"
http://cnet3.cbsistatic.com/hub/i/r/2014/02/12/053aa6d0-2f8c-48b6-95e8-bf797d9289da/thumbnail/140x105/bb21e70142285a3cd065abbf75f8ef5e/blackberry-torch-9850-sprint.png,"With its full touch screen and fair price tag, the BlackBerry Torch 9850 shows that RIM is ready to compete with others in Sprint's lineup, although it's not without its flaws.","/products/blackberry-torch-9850-sprint/,/products/blackberry-torch-9850-sprint/prices/","BlackBerry Torch 9850,"
http://cnet4.cbsistatic.com/hub/i/r/2010/08/25/db507f3c-e816-41df-8a3f-4d5b1e4a282f/thumbnail/140x105/d666739704bff04a38598b17ddb319bd/db507f3c-e816-41df-8a3f-4d5b1e4a282f.jpg,"The RIM BlackBerry Curve 3G 9300 is a decent entry-level BlackBerry with a couple of modern features like 3G and GPS, but we wish it was more affordable.","/products/blackberry-curve-3g-9300-at-t/,/products/blackberry-curve-3g-9300-at-t/prices/","BlackBerry Curve 3G 9300,"
http://cnet3.cbsistatic.com/hub/i/r/2010/12/10/2941e7ad-0ee2-4bdc-9cf7-89fb9ce48681/thumbnail/140x105/bcda7e7fc05117cc90cf877ec470a4ed/blackberry-bold-9780-blackberry-smartphone-gsm-umts-3g-tft-black-t-mobile.jpg,"The RIM BlackBerry Bold 9780 is a solid messaging smartphone and ships with the latest BlackBerry OS, but it's not necessarily worth the upgrade.","/products/blackberry-bold-9780/,/products/blackberry-bold-9780/prices/","BlackBerry Bold 9780,"
http://cnet4.cbsistatic.com/hub/i/r/2010/10/21/aa2ca04e-fe15-4904-af47-2934f9eceb47/thumbnail/140x105/d3ed3927055a118ca52f19b8c031e707/aa2ca04e-fe15-4904-af47-2934f9eceb47.jpg,The RIM BlackBerry Pearl 3G is a great little global smartphone if you can deal with the unusual keyboard.,"/products/blackberry-pearl-3g-9100/,/products/blackberry-pearl-3g-9100/prices/","BlackBerry Pearl 3G 9100,"
http://cnet4.cbsistatic.com/hub/i/r/2010/09/27/8f3872a2-7971-444e-9b8f-597b8152a4db/thumbnail/140x105/d1231409a65d8cfa93e9486b3836a43b/blackberry-curve-3g-9330-blackberry-smartphone-cdma-3g-2-4-tft-royal-purple-sprint-nextel.jpg,The BlackBerry Curve 3G 9330 is a very affordable entry-level smartphone with a solid feature set and great call quality.,"/products/blackberry-curve-9330-3g-sprint/,/products/blackberry-curve-9330-3g-sprint/prices/","BlackBerry Curve 9330 3G,"
http://cnet3.cbsistatic.com/hub/i/r/2014/02/12/d304e28c-af0d-4d08-9677-b03a5c572dab/thumbnail/140x105/267675aacbead4b3aab0b740683b3628/blackberry-style-9670-black-boost-mobile.jpg,"Despite a few quirks, the RIM BlackBerry Style's practical design and advanced feature set make it a great smartphone for BlackBerry newbies and veterans alike.","/products/blackberry-style/,/products/blackberry-style/prices/","BlackBerry Style 9670,"
http://cnet4.cbsistatic.com/hub/i/r/2010/09/23/153555d8-b9c7-4562-9ad4-989869b6dae7/thumbnail/140x105/8cb847db5362d96ac90d7afb20c142d9/blackberry-curve-3g-9330-blackberry-smartphone-cdma-3g-2-4-tft-charcoal-gray-verizon.jpg,"Despite its entry-level status, the RIM BlackBerry Curve 3G 9330 is a decent smartphone for the price.","/products/blackberry-curve-3g-9330/,/products/blackberry-curve-3g-9330/prices/","Blackberry Curve 3G 9330,"
http://cnet4.cbsistatic.com/hub/i/r/2010/08/13/3fd548fb-5327-4c90-8c65-0dabbe56da84/thumbnail/140x105/a82f2215395212462303e3464f3d2232/3fd548fb-5327-4c90-8c65-0dabbe56da84.jpg,"Though we're disappointed that the RIM BlackBerry Curve 3G didn't have more improvements over its predecessor, it's still a decent upgrade with the addition of 3G and GPS. Plus, it's quite affordable for an entry-level smartphone.,Pricing not available",/products/blackberry-curve-3g/,"BlackBerry Curve 3G 9300,"
http://cnet3.cbsistatic.com/hub/i/r/2010/05/20/ac1631c9-3e93-47b9-8d25-ba245390d769/thumbnail/140x105/ab0089ff0f3e95e8b5609f3925f1af2c/blackberry-pearl-8110-blackberry-smartphone-gsm-tft-titanium.jpg,This product has not yet been reviewed.,"/products/blackberry-pearl-8110-blackberry-smartphone-gsm-tft-titanium-series/,/products/blackberry-pearl-8110-blackberry-smartphone-gsm-tft-titanium-series/prices/",BlackBerry Pearl 8110
http://cnet4.cbsistatic.com/fly/117-fly/bundles/cnetcss/images/placeholder/image_placeholder.png,This product has not yet been reviewed.,"/products/blackberry-pearl-flip-8220-blackberry-smartphone-gsm-series/,/products/blackberry-pearl-flip-8220-blackberry-smartphone-gsm-series/prices/",BlackBerry Pearl Flip 8220
http://cnet3.cbsistatic.com/hub/i/r/2009/12/08/66e189de-bc3e-457d-b76c-188b1b92be8a/thumbnail/140x105/c28b01f633552287908136e5cd3f5e11/66e189de-bc3e-457d-b76c-188b1b92be8a.jpg,This product has not yet been reviewed.,"/products/blackberry-curve-8520-black-at-t/,/products/blackberry-curve-8520-black-at-t/prices/","BlackBerry Curve 8520,"
http://cnet3.cbsistatic.com/hub/i/r/2010/10/28/a2886d23-1b3c-44a0-8b7d-c24399942cd6/thumbnail/140x105/92d7f69fe654e55f9af78762fb2e2e2d/blackberry-style-9670-blackberry-smartphone-cdma-3g-2-7-tft-royal-purple-sprint-nextel.jpg,"This product has not yet been reviewed.,,,",/products/blackberry-style-royal-purple-sprint/,"BlackBerry Style,"
http://cnet4.cbsistatic.com/fly/117-fly/bundles/cnetcss/images/placeholder/image_placeholder.png,This product has not yet been reviewed.,"/products/blackberry-bold-9700-blackberry-smartphone-gsm-umts-3g-2-4-tft-black-series/,/products/blackberry-bold-9700-blackberry-smartphone-gsm-umts-3g-2-4-tft-black-series/prices/",BlackBerry Bold 9700
http://cnet4.cbsistatic.com/hub/i/r/2013/02/06/c11298c9-9774-4d0e-a69a-d0e5cd7a6961/thumbnail/140x105/a091f9de874603753087031846920746/blackberry-z10-blackberry-smartphone-gsm-umts-4g-16-gb-4-2-white.jpg,This product has not yet been reviewed.,"/products/blackberry-z10-blackberry-smartphone-gsm-umts-z10white/,/products/blackberry-z10-blackberry-smartphone-gsm-umts-z10white/prices/",BlackBerry Z10
http://cnet4.cbsistatic.com/fly/117-fly/bundles/cnetcss/images/placeholder/image_placeholder.png,"This product has not yet been reviewed.,Pricing not available",/products/blackberry-torch-9800-blackberry-smartphone-gsm-umts-series/,BlackBerry Torch 9800
http://cnet4.cbsistatic.com/hub/i/r/2008/12/18/18189de1-74ae-45bd-b335-f5551c28ba2c/thumbnail/140x105/218f88e07019f68ae56663fc64a8b590/blackberry-curve-8320-blackberry-smartphone-gsm-2-5-tft-blue-at-t.jpg,"This product has not yet been reviewed.,Pricing not available",/products/blackberry-curve-8320-sapphire-blue-at-t/,"BlackBerry Curve 8320,"
http://cnet4.cbsistatic.com/fly/117-fly/bundles/cnetcss/images/placeholder/image_placeholder.png,"This product has not yet been reviewed.,,,",/products/blackberry-pearl-flip-black-unlocked-refurbished/,"BlackBerry Pearl Flip,"
http://cnet3.cbsistatic.com/hub/i/r/2013/05/08/f0db8981-855a-46d8-a086-3844b82555eb/thumbnail/140x105/8a83cf741917d71a962aa454dbf4dafb/blackberry-q10-blackberry-smartphone-gsm-umts-4g-16-gb-3-1-super-amoled-white.jpg,"This product has not yet been reviewed.,Pricing not available",/products/blackberry-q10-blackberry-smartphone-gsm-umts-series/,BlackBerry Q10
http://cnet4.cbsistatic.com/fly/117-fly/bundles/cnetcss/images/placeholder/image_placeholder.png,"This product has not yet been reviewed.,,,",/products/blackberry-bold-9930-without-camera-verizon-wireless/,"BlackBerry Bold 9930 without camera,"
http://cnet4.cbsistatic.com/hub/i/r/2014/02/25/88df5e1c-39e1-40ad-a065-0146fc0e0343/thumbnail/140x105/fc5dde6fdd217d1bccb5da52b2a6050b/DSC06537_1_610x327.jpg,"Expected to cost under $200, the BlackBerry Z3 packs a large touch screen but no physical keyboard.,Pricing not available",/products/blackberry-z3/,Blackberry Z3
http://cnet4.cbsistatic.com/hub/i/r/2014/02/24/a62a7740-a50a-11e3-a24e-d4ae52e62bcc/thumbnail/140x105/ad90231dd1bce93395ea8e30e82cbeeb/DSC06534_540x361.jpg,"A fresh keyboard phone, the BlackBerry Q20 becomes a reality at MWC 2014.,Pricing not available",/products/blackberry-q20/,Blackberry Q20
http://cnet4.cbsistatic.com/fly/117-fly/bundles/cnetcss/images/placeholder/image_placeholder.png,"This product has not yet been reviewed.,Pricing not available",/products/blackberry-storm-9530-blackberry-smartphone-cdma-gsm-umts/,BlackBerry Storm 9530
http://cnet4.cbsistatic.com/fly/117-fly/bundles/cnetcss/images/placeholder/image_placeholder.png,"This product has not yet been reviewed.,Pricing not available",/products/blackberry-8120-unlocked/,"BlackBerry 8120,"
http://cnet4.cbsistatic.com/fly/117-fly/bundles/cnetcss/images/placeholder/image_placeholder.png,This product has not yet been reviewed.,"/products/blackberry-tour-9630-sprint-refurbished/,/products/blackberry-tour-9630-sprint-refurbished/prices/","BlackBerry Tour 9630,"
http://cnet3.cbsistatic.com/hub/i/r/2010/11/23/d275ca97-7dfa-422f-86af-c97d08a15e14/thumbnail/140x105/9033abd698e8f3c0fecde3f4279387f8/blackberry-curve-3g-9300-blackberry-smartphone-gsm-umts-3g-2-45-tft-graphite-gray-t-mobile.jpg,This product has not yet been reviewed.,"/products/blackberry-curve-9300-3g-grey-t-mobile/,/products/blackberry-curve-9300-3g-grey-t-mobile/prices/","BlackBerry Curve 9300 3G,"
http://cnet4.cbsistatic.com/fly/117-fly/bundles/cnetcss/images/placeholder/image_placeholder.png,This product has not yet been reviewed.,"/products/blackberry-bold-9930-non-camera-sprint/,/products/blackberry-bold-9930-non-camera-sprint/prices/","BlackBerry Bold 9930,"
http://cnet4.cbsistatic.com/fly/117-fly/bundles/cnetcss/images/placeholder/image_placeholder.png,This product has not yet been reviewed.,"/products/blackberry-curve-9360-blackberry-smartphone-gsm-umts-series/,/products/blackberry-curve-9360-blackberry-smartphone-gsm-umts-series/prices/",BlackBerry Curve 9360
http://cnet3.cbsistatic.com/hub/i/r/2013/05/08/f0db8981-855a-46d8-a086-3844b82555eb/thumbnail/140x105/8a83cf741917d71a962aa454dbf4dafb/blackberry-q10-blackberry-smartphone-gsm-umts-4g-16-gb-3-1-super-amoled-white.jpg,This product has not yet been reviewed.,"/products/blackberry-q10-blackberry-smartphone-gsm-umts-series/,/products/blackberry-q10-blackberry-smartphone-gsm-umts-series/prices/",BlackBerry Q10
http://cnet4.cbsistatic.com/hub/i/r/2010/10/07/e5101a09-f519-4570-a1f1-82b8ce283ca9/thumbnail/140x105/728541c5e0d2712f2561fa55d7c39b31/blackberry-curve-8530-blackberry-smartphone-cdma-3g-2-5-tft-black-boost.jpg,This product has not yet been reviewed.,"/products/blackberry-curve-8530-boost-mobile/,/products/blackberry-curve-8530-boost-mobile/prices/","BlackBerry Curve 8530,"
http://cnet4.cbsistatic.com/fly/117-fly/bundles/cnetcss/images/placeholder/image_placeholder.png,This product has not yet been reviewed.,"/products/blackberry-pearl-8110-blackberry-smartphone-gsm-bb8110tt/,/products/blackberry-pearl-8110-blackberry-smartphone-gsm-bb8110tt/prices/",BlackBerry Pearl 8110
http://cnet4.cbsistatic.com/hub/i/r/2008/09/18/c148f5e5-a183-437a-a007-ec22fc8b4112/thumbnail/140x105/4e13f5358d6c77f2f08102f1283d5103/blackberry-pearl-8120-blackberry-smartphone-gsm-tft-red.jpg,This product has not yet been reviewed.,"/products/blackberry-pearl-8120-blackberry-smartphone-gsm-series/,/products/blackberry-pearl-8120-blackberry-smartphone-gsm-series/prices/",BlackBerry Pearl 8120
http://cnet3.cbsistatic.com/hub/i/r/2013/05/08/f0db8981-855a-46d8-a086-3844b82555eb/thumbnail/140x105/8a83cf741917d71a962aa454dbf4dafb/blackberry-q10-blackberry-smartphone-gsm-umts-4g-16-gb-3-1-super-amoled-white.jpg,This product has not yet been reviewed.,"/products/blackberry-q10-blackberry-smartphone-gsm-umts-series/,/products/blackberry-q10-blackberry-smartphone-gsm-umts-series/prices/",BlackBerry Q10
http://cnet4.cbsistatic.com/hub/i/r/2009/12/17/dba236ee-cfeb-4b76-859e-78c490f42726/thumbnail/140x105/5fe71cf2697804f24ff1015b5e68fcc2/blackberry-curve-8320-blackberry-smartphone-gsm-2-5-tft.jpg,This product has not yet been reviewed.,"/products/blackberry-curve-8320-blackberry-smartphone-gsm-series/,/products/blackberry-curve-8320-blackberry-smartphone-gsm-series/prices/",BlackBerry Curve 8320
http://cnet4.cbsistatic.com/hub/i/r/2010/05/06/36dbecf7-ca62-4a97-9283-8f3086a3cbfa/thumbnail/140x105/3842cd60962e860d00806da502e7978a/blackberry-7105t-blackberry-smartphone-gsm.jpg,"This product has not yet been reviewed.,Pricing not available",/products/blackberry-7105t-blackberry-smartphone-gsm/,BlackBerry 7105t
http://cnet3.cbsistatic.com/hub/i/r/2013/09/03/4f3f431c-c96f-45bc-b529-d3f0e3d9c7a8/thumbnail/140x105/e497d72807ace685ba204ba87373e797/blackberry-torch-9850-blackberry-smartphone-cdma-gsm-umts-3g-4-gb-3-7-tft-black.jpg,This product has not yet been reviewed.,"/products/blackberry-torch-9850-blackberry-smartphone-cdma-gsm-umts-9850/,/products/blackberry-torch-9850-blackberry-smartphone-cdma-gsm-umts-9850/prices/",BlackBerry Torch 9850
http://cnet4.cbsistatic.com/fly/117-fly/bundles/cnetcss/images/placeholder/image_placeholder.png,This product has not yet been reviewed.,"/products/blackberry-curve-8330-red-alltel/,/products/blackberry-curve-8330-red-alltel/prices/","BlackBerry Curve 8330,"
http://cnet4.cbsistatic.com/hub/i/r/2014/02/12/bd96b5cd-4a3e-438c-9674-b87c31998689/thumbnail/140x105/31568dfa49c6a3bf04ee2c09d3eb8445/blackberry-q5.jpg,"BlackBerry officially pulled the tarp off of its rumored Q5 midrange smartphone at the company's BlackBerry Live conference. We go hands on with the device.,Please visit BlackBerry for additional models",/products/blackberry-q5/,BlackBerry Q5
http://cnet3.cbsistatic.com/hub/i/r/2010/11/23/d275ca97-7dfa-422f-86af-c97d08a15e14/thumbnail/140x105/9033abd698e8f3c0fecde3f4279387f8/blackberry-curve-3g-9300-blackberry-smartphone-gsm-umts-3g-2-45-tft-graphite-gray-t-mobile.jpg,This product has not yet been reviewed.,"/products/blackberry-curve-9300-3g-grey-t-mobile/,/products/blackberry-curve-9300-3g-grey-t-mobile/prices/","BlackBerry Curve 9300 3G,"
